Cancer<BR>Type,TRBV,cdr3b,Reference
Melanoma,TRBV13-1*01,CASSSPRSSRDTDTQYF,27827318
Melanoma,TRBV5-6*01,CASSLDRKAFF,27827318
Melanoma,TRBV12-3*01,CASRAVINTDTQYF,27827318
Melanoma,TRBV5-5*01,CASRFVAPSDGYNEQFF,27827318
Melanoma,TRBV5-4*01,CASSLGQGRVEQYF,27827318
Melanoma,TRBV10-3*01,CAISEVGTGSSGNTIYF,27827318
Melanoma,TRBV14*01,CASSPGPNQPQHF,27827318
Melanoma,TRBV14*01,CASSPGPNQPQHF,27827318
Melanoma,TRBV6-1*01,CASTPTGNTEAFF,27827318
Melanoma,TRBV7-2*01,CASSLDFSRQETQYF,27827318
Melanoma,TRBV27-1*01,CASSLYLASNTGELFF,27827318
Melanoma,TRBV6-1*01,CASSDRNTNYGYTF,27827318
Melanoma,TRBV19*01,CASSMRVQSNTGELFF,27827318
Melanoma,TRBV4-2*01,CASSPGREQYF,27827318
Melanoma,TRBV2-1*01,CASRDGRVHQPQHF,27827318
Melanoma,TRBV28*01,CASSLIRSEAFF,27827318
Melanoma,TRBV27*01,CASSLSWGSSYNEQFF,27827318
Melanoma,TRBV6-5*01,CASRDHRVIYGYTF,27827318
Melanoma,TRBV6-6*02,CASSYSKAGGPGEDTQYF,27827318
Melanoma,TRBV4-3*01,CASSRSTGGSGNTIYF,27827318
Melanoma,TRBV4-1*01,CASSQAGGTGELFF,27827318
Melanoma,TRBV10-3*01,CAITSGQGNNEQYF,27827318
Melanoma,TRBV11-2*01,CASSSTGADSHEQFF,27827318
Melanoma,TRBV5-5*01,CASSLLKAANYGYTF,27827318
Melanoma,TRBV28*01,CASSRDRSNEQFF,27827318
Melanoma,TRBV28*01,CASSFIRTGQYF,27827318
Melanoma,TRBV7-6*01,CASSLVDRRGEKLFF,27827318
Gastrointestinal,TRBV12-4,CASSANRGPDTEAFF,26516200
Gastrointestinal,TRBV12-3,CASTAGLLGSSYNEQFF,26516200
Gastrointestinal,TRBV28,CASITKDRAYEQYF,26516200
Gastrointestinal,TRBV5-6,CASSLGQTNYGYTF,26516200
Gastrointestinal,TRBV5-1,CASSPGTVKETQYF,26516200
Gastrointestinal,TRBV30,CAWSAASGGAQDTQYF,26516200
Gastrointestinal,TRBV14,CASSQEFVGAVLDTQYF,26516200
Melanoma,TRBV7-3,CASSSQGGYGYTF,26901407
Melanoma,TRBV7-6,CASSFDRGYGYTF,26901407
Melanoma,TRBV27,CASSLSGGLLRTGELFF,26901407
Melanoma,TRBV9,CASSGRVTGGFYNEQFF,26901407
Melanoma,TRBV27,CASSFGGAYEQYF,26901407
Leukemia,TRBV7-2,CASTPFTSGSGWDEQFF,26938944
Breast,TRBV4-1,CASSASTGRNQPQHF,29867227
Breast,TRBV7-9,CASSLARRQYGYTF,29867227
Breast,TRBV7-9,CASSSQGFYNIQYF,29867227
Breast,TRBV18,CASSPGSPSSYEQYF,29867227
Breast,TRBV19,CASSIRNYSNQPQHF,29867227
Breast,TRBV19,CASSLRTGQNTEAFF,29867227
Breast,TRBV5-1,CASSGGTPYNSPLHF,29867227
Breast,TRBV06-05,CASRPWTGANEKLFF,29867227
Breast,TRBV28,CASSLDREDEQYF,29867227
Breast,TRBV28,CASTPQVNYGYTF,29867227
Breast,TRBV28,CASTLQANYGYTF,29867227
Esophageal,TRBV25-1,CATSFAPGQGEHGYTF,29541393
Ovarian,TRBV28,CASSTSTGQGWHYGYTF,29541393
Melanoma,TRBV6-1,CASRPSRGTNYGYTF,27198675
Melanoma,TRBV25-1,CASSERGMVEAFF,27198675
Melanoma,TRBV9,CASSPRNLGPSGSYEQYF,27198675
Melanoma,TRBV7-8,CASSQNYEQYF,27198675
Melanoma,TRBV6-5,CASSYSWGAGYEQYF,27198675
Melanoma,TRBV12-4,CASTPTGAYEQYF,27198675
Melanoma,TRBV29-1,CSAGTGELFF,27198675
Melanoma,TRBV12-4,CASTPTGAYEQYF,27198675
Melanoma,TRBV20-1,CSARVGDTGELFF,27198675
Melanoma,TRBV4-1,CASSYDSTTGELFF,27198675
Melanoma,TRBV2,CASTPGGYEQYF,27198675
Melanoma,TRBV11-2,CASSQGYEQYF,27198675
Colorectal,TRBV6-1,CASSEGLWQVGDEQYF,30709841
Colorectal,TRBV11-2,CASSLDPGDTGELFF,30709841
Colorectal,TRBV10-3*04,CAISELVTGDSPLHF,30709841
Colon,TRBV27,CASSIQQGADTQYF,30714987
Rectal,TRBV6-3,CASRLQGWNSPLHF,30714987
Colon,TRBV6-3,CASSYSQAWGQPQHF,30714987
Ovarian,TRBV19,CASSISAGGDGYTF,30714987
Ovarian,TRBV11-2,CASSLVNTEAFF,30714987
Colon,TRBV11-2,CASNLGGGSTDTQYF,30714987
Colon,TRBV7-8,CASSFGSGSTDTQYF,30714987
Colon,TRBV11-2,CASSLGTGSTDTQYF,30714987
Colorectal,TRBV5-1,CASSFGTGRGDTEAFF,31164343
Colorectal,TRBV5-1,CASSFGTGRGDTEAFF,31164343
Colorectal,TRBV7-8,CASSLVAGGNTEAFF,31164343
Melanoma,TRBV6-6,CASSFQGAANTGELFF,30150207
Melanoma,TRBV18,CASSPYGQNTEAFF,30150207
Melanoma,TRBV6-2,CASTLTGHSSEQFF,30150207
Melanoma,TRBV15,CATSSPLGGTRGPQHF,30150207
CLL,TRBV27,CASSLDSYNEQFF,30150207
Glioblastoma,TRBV5-1,CASSLVSPSSGSYTGELFF,30568305
Glioblastoma,TRBV12-4,CASSLVRGSTEAFF,30568305
Lung,TRBV30,CAWSALAGARDTQYF,31043415
Lung,TRBV12-4,CASSLGLPGTDTQYF,31043415
Lung,TRBV20,CSAPPLAGDETQYF,31043415
Colorectal,TRBV5-6,CASSLGEGRVDGYTF,27959684
Colorectal,TRBV10-2,CASSDPGTEAFF,27959684
Colorectal,TRBV5-6,CASSFGQSSTYGYTF,27959684
Colorectal,TRBV5-6,CASSLGRASNQPQHF,27959684
RCC,TRBV10-2,CASSELPAGGTNEQFF,31686124
RCC,TRBV27,CASSFFSNTGELFF,31686124
RCC,TRBV6-3,CASSFLTDTQYF,31686124
RCC,TRBV6-3,CASSYMGPEAFF,31686124
RCC,TRBV6-3,CASMDLAFKQYF,31686124
RCC,TRBV4-3,CASSQVSGYEQYF,31686124
RCC,TRBV18,CASSPQGDNEQFF,31686124
