Virus<BR>Type,TRBV,cdr3b,Reference
HIV,NA,CATTPGASGISEQF,27111229
HIV,TRBV2-1,CASSRLAGGMDEQFF,27111229
HIV,TRBV2-1,CASSGLAGGMDEQFF,27111229
HIV,NA,CASRPLHSVYEQYF,27111229
HIV,NA,CASSEFRTRGYTF,27111229
influenza A,TRBV27,CASSLIYPGELFF,28423320
influenza A,TRBV19,CASSIRSSYEQYF,28423320
influenza A,TRBV19,CASSIGSYGYTF,28423320
influenza A,TRBV27,CASSLLGGWSEAFF,28423320
influenza A,TRBV19,CASSIRSSYEQYF,28423320
HIV,TRBV2-1,CASSGLAGGMDEQFF,27111229
influenza A,TRBV19,CASSVRSSYEQYF,28423320
influenza A,TRBV19,CASSTRSAYEQYF,28423320
influenza A,TRBV19,CASSTFGANVLTF,28423320
influenza A,TRBV19,CASSSRSSYEQYF,28423320
influenza A,TRBV19,CASSSRSSYEQYF,28423320
influenza A,TRBV19,CASSRRSSDEQYF,28423320
HIV,TRBV2-1,CASSPGTSGVGEQFF,27111229
influenza A,TRBV19,CASSIRSSYEQYF,28423320
influenza A,TRBV19,CASSIRSSYEQYF,28423320
influenza A,TRBV19,CASSIRSSYEQYF,28423320
influenza A,TRBV19,CASSIRSSTEAFF,28423320
influenza A,TRBV19,CASSIRSAYEQYF,28423320
influenza A,TRBV19,CASSIRAAETQYF,28423320
influenza A,TRBV19,CASSIRAAETQYF,28423320
influenza A,TRBV19,CASSIGVYGYTF,28423320
influenza A,TRBV19,CASSIRSSYEQYF,28423320
HIV,NA,CATTPGASGISEQF,27111229
HIV,TRBV2-1,CASSRLAGGMDEQFF,27111229
influenza A,TRBV19,CASSIRSSYEQYF,28423320
HIV,TRBV2-2,CASSRRTSGGTDTQYF,27111229
influenza A,TRBV14,CASSQLPRGGYTF,30575715
influenza A,TRBV11-2,CASSLLAGYNEQFF,30575715
influenza A,TRBV11-2,CASSLVPGNHNEQFF,30575715
influenza A,TRBV19,CASSGVRATEAFF,30575715
influenza A,TRBV11-2,CASSLGPGKSSKTQYF,30575715
influenza A,TRBV9,CASSVGLAEPLDEQFF,30575715
influenza A,TRBV27,CASSPLHLRDGPKTPLHF,30575715
influenza A,TRBV27,CASSLAQGKAFF,30575715
influenza A,TRBV27,CASRSLAEKGETQYF,30575715
influenza A,TRBV3,CASSPTGRVQPQHF,30575715
influenza A,TRBV5-8,CASSLGPTTYKSSYEQYF,30575715
influenza A,TRBV27,CASSPTRLVSSYNEQFF,30575715
influenza A,TRBV5-6,CASSLGTPTEAFF,30575715
influenza A,TRBV19,CASSRLQGANSPLHF,30575715
influenza A,TRBV19,CASSMGTYSNQPQHF,30575715
influenza A,TRBV19,CASSIGTGGNYGYTF,30575715
influenza A,TRBV19,CASSMGTGPRETQYF,30575715
influenza A,TRBV29-1,CSVYLNTEAFF,30575715
influenza A,TRBV12-5,CASGPTGGAAETQYF,30575715
influenza A,TRBV19,CASSMSAMGTEAFF,30575715
influenza A,TRBV19,CASSPRQGNNSPLHF,30575715
influenza A,TRBV9,CASSVVATGGRGTDTQYF,30575715
influenza A,TRBV27,CASSATKNIQYF,30575715
influenza A,TRBV27,CASTNYAGGDRGYTF,30575715
influenza A,TRBV7-2,CASSQRSGTGELFF,30575715
influenza A,TRBV7-2,CASSLRSGTGELFF,30575715
influenza A,TRBV19,CASSIGRSEQFF,30575715
HCMV,TRBV12-3,CASSSVNEQFF,28423320
influenza A,TRBV4-1,CASSLIEGLSEQYF,30575715
influenza A,TRBV19,CASSIGSGMNSPLHF,30575715
influenza A,TRBV27,CASSSLAVPELFF,30575715
influenza A,TRBV27,CASSMLGVLRGANVLTF,30575715
influenza A,TRBV27,CASRPPHYNSPLHF,30575715
influenza A,TRBV27,CASSIYRRRQGALAGPDTQYF,30575715
influenza A,TRBV4-1,CASSQDAGLYNQPQHF,30575715
influenza A,TRBV27,CASSLLKGTLHF,30575715
influenza A,TRBV20-1,CSAREPGRQFAFAALHF,30575715
influenza A,TRBV19,CASSPYTDRQENYGYTF,30575715
influenza A,TRBV14,CASSQGPTTDTQYF,30575715
influenza A,TRBV4,CASSQDPGQGYNEQFF,30575715
influenza A,TRBV4-1,CASSQDLGSYNSPLHF,30575715
influenza A,TRBV4-1,CASSQDQGAYNQPQHF,30575715
influenza A,TRBV4-1,CASSQDMGGYNQPQHF,30575715
influenza A,TRBV4-1,CASSQEAGAYNQPQHF,30575715
influenza A,TRBV27,CASSSLRVGAGPGQPQHF,30575715
influenza A,TRBV11-2,CASSALTGNEQFF,30575715
influenza A,TRBV27,CASSLTQNEQFF,30575715
influenza A,TRBV9,CASSEGTGGLNAFF,30575715
influenza A,TRBV4,CASSPGTAADTQYF,30575715
influenza A,TRBV19,CASSMGRDGYTF,30575715
influenza A,TRBV12,CASSLAVHNEQFF,30575715
influenza A,TRBV20,CSARDGQVYSNQPQHF,30575715
influenza A,TRBV19,CASSMAQGARSPLHF,30575715
influenza A,TRBV19,CASSIGVRAFF,30575715
HCMV,TRBV6-5,CASSPQTGVGNYGYTF,28423320
HCMV,TRBV6-1,CASSEDHTGFYEQYF,28423320
HCMV,TRBV7-6,CASSLAPGATNEKLFF,28423320
HCMV,TRBV7-6,CASSLAPGTTNEKLFF,28423320
HCMV,TRBV7-2,CASSQTQLWETQYF,28423320
influenza A,TRBV19,CASTLGTVEAFF,30575715
influenza A,TRBV19,CASSIVQRTNTEAFF,30575715
influenza A,TRBV19,CASSILQGRSYEQYF,30575715
influenza A,TRBV27,CASSPTAGELFF,30575715
influenza A,TRBV3,CASSRTGRNQPQHF,30575715
influenza A,TRBV19,CASSMLVANYGYTF,30575715
influenza A,TRBV29-1,CSVEGLAGPSYNEQFF,30575715
influenza A,TRBV19,CASSIPDGTQYF,30575715
influenza A,TRBV19,CASSLGRGVQFF,30575715
influenza A,TRBV27,CASRTSSYNSPLHF,30575715
influenza A,TRBV11-2,CASSLWGRALSYEQYF,30575715
influenza A,TRBV15,CATSRDGLAGANSPLHF,30575715
influenza A,TRBV19,CASSISPSGFNGYTF,30575715
influenza A,TRBV7-2,CASSWGWRSNQPQHF,30575715
influenza A,TRBV27,CASSPTQREQYF,30575715
influenza A,TRBV27,CASSQTGRELFF,30575715
influenza A,TRBV27,CASSSTGREAFF,30575715
influenza A,TRBV7-2*,CASNWGGRGNTGELFF,30575715
influenza A,TRBV19,CATQGTSGYTDTQYF,30575715
influenza A,TRBV19,CASSISSGRTYEQYF,30575715
influenza A,TRBV11-2,CASTGTSGRAETQYF,30575715
influenza A,TRBV3,CASSLTGHNQPQHF,30575715
influenza A,TRBV20-1,CSARPGQFYSNQPQHF,30575715
influenza A,TRBV19,CASSVGTGAYEQYF,30575715
influenza A,TRBV5-5,CASSGLINGNTIYF,30575715
influenza A,TRBV19,CASSWGTGGNQPQHF,30575715
influenza A,TRBV14,CASSQVDYNEQFF,30575715
influenza A,TRBV27,CASGRLVTGGGTGANVLTF,30575715
influenza A,TRBV27,CASSLTGQGAFF,30575715
influenza A,TRBV20-1,CSARAYRGYNSPLHF,30575715
EBV,TRBV7-9*03,CASSSGQGERGKGQFF,24121927
EBV,TRBV5-1*01,CASSIGLAGYEQYF,24121927
EBV,TRBV7-2*02,CASSSSTRPKETQYF,24121927
EBV,TRBV6-1*01,CASRSGAGNTIYF,24121927
EBV,TRBV6-1*01,CASSTGTSGNNEQFF,24121927
EBV,TRBV12-4*01,CASSLGARPQIYEQYF,24121927
EBV,TRBV12-4*01,CASSFTGSKNEQYF,24121927
EBV,TRBV5-6*01,CASLLGGVWRVNTEAFF,24121927
EBV,TRBV5-5*02,CASSVAPQGGYGEQYF,24121927
EBV,TRBV19*01,CASSYGSRYEQFF,24121927
EBV,TRBV5-1*01,CASSYGSRYEQFF,24121927
EBV,TRBV5-1*01,CASSLDPGGAAGELFF,24121927
EBV,TRBV25-1*01,CASSLGTNYGYTF,24121927
EBV,TRBV5-5*02,CASSRTSGRLADTQYF,24121927
EBV,TRBV6-2*01,CASSYSSLVSRNQPQHF,24121927
EBV,TRBV7-3*01,CASSLAYGQEQFF,24121927
EBV,TRBV5-1*01,CASSPADRDSGYTF,24121927
EBV,TRBV5-1*01,CASSRRAPNGDYNSPLHF,24121927
EBV,TRBV10-3*02,CAIRGTAKSGFYEQYF,24121927
EBV,TRBV9*02,CASSPKAGFSYNEQFF,24121927
EBV,TRBV12-4*01,CASSWGSSNQPQHF,24121927
EBV,TRBV7-9*03,CASSRGLREAFF,24121927
EBV,TRBV27*01,CASGTLAGGHRELFF,24121927
EBV,TRBV11-2*01,CASSLGRDGYTF,24121927
EBV,TRBV9*01,CASSAIQGLEDGYTF,24121927
EBV,TRBV5-1*01,CASSVGDRDYGYTF,24121927
EBV,TRBV24-1*01,CATSEGAASTDTQYF,24121927
EBV,TRBV5-1*01,CASRPLGMNTEAFF,24121927
EBV,TRBV5-5*02,CASSRIPSGAEGYTF,24121927
EBV,TRBV27*01,CASSTGRNEQFF,24121927
EBV,TRBV27*01,CASSHSRNEQFF,24121927
EBV,TRBV25-1*01,CASTNPQGPEQYF,24121927
EBV,TRBV6-2*01,CASSYKSWDSYNEQFF,24121927
EBV,TRBV5-1*01,CASSLGLAGYEQYF,24121927
EBV,TRBV5-4*01,CASSFWGQDWDGYTF,24121927
EBV,TRBV11-2*01,CASSLVGRRGEQFF,24121927
EBV,TRBV5-1*01,CASSNRDGLNGELFF,24121927
EBV,TRBV25-1*01,CASSPGTNYGYTF,24121927
EBV,TRBV4-1*01,CASSQGLGGRGLSYEQYF,24121927
EBV,TRBV5-1*01,CASRPSGLYGYTF,24121927
EBV,TRBV 6-2*01/TRBV6-3*01,CASSGPLAGPRSYEQYF,24121927
EBV,TRBV15*02,CATSRSLTDYEQYF,24121927
EBV,TRBV27*01,CASSFGGRKYGYTF,24121927
EBV,TRBV29-1*01,CSVGTGGTNEKLFF,24121927
EBV,TRBV29-1*01,CSVGQGGTNEKLFF,24121927
EBV,TRBV29-1*01,CSVGAQGTNEKLFF,24121927
EBV,TRBV29-1*01,CSVGTGGTNEKLFF,24121927
EBV,TRBV20-1*05,CSARDQTGNTIYF,24121927
EBV,TRBV14*01,CASSQSPGGIQYF,24121927
EBV,TRBV29-1*01,CSVGTGGTNEKLFF,24121927
EBV,TRBV7-3*01,CASSLSGSGHNEQFF,24121927
EBV,TRBV6-1*01,CASSSGQGWGTRELFF,24121927
EBV,TRBV28*01,CASSPGALDTDTQYF,24121927
